corner,vdd_V,temp_C,select_state,selected_input,output_high_V,output_low_V,voh_error_V,vol_error_V,voh_accuracy_percent,vol_accuracy_percent,prop_delay_ps,rise_time_ps,fall_time_ps,functionality,status
TT,1.62,-40,0,I0,1.62045,4.62199e-09,-0.000454,4.62199e-09,100.028025,100.000000,99.7486,284.016,155.35,PASS,PASS
TT,1.62,-40,1,I1,1.62015,-1.60773e-05,-0.000148,-1.60773e-05,100.009136,100.000992,102.854,286.463,152.86,PASS,PASS
TT,1.62,27,0,I0,1.62045,-2.45402e-06,-0.000455,-2.45402e-06,100.028086,100.000151,92.6501,261.853,171.464,PASS,PASS
TT,1.62,27,1,I1,1.62014,-4.40031e-05,-0.000144,-4.40031e-05,100.008889,100.002716,95.6389,264.183,168.951,PASS,PASS
TT,1.62,125,0,I0,1.62037,-6.06176e-06,-0.000366,-6.06176e-06,100.022593,100.000374,85.2499,241.156,192.359,PASS,PASS
TT,1.62,125,1,I1,1.62006,-5.64936e-05,-5.7e-05,-5.64936e-05,100.003519,100.003487,88.2723,243.542,189.686,PASS,PASS
TT,1.80,-40,0,I0,1.80047,5.57615e-09,-0.00047,5.57615e-09,100.026111,100.000000,77.2104,228.039,133.171,PASS,PASS
TT,1.80,-40,1,I1,1.80013,-1.43092e-05,-0.000128,-1.43092e-05,100.007111,100.000795,79.6655,229.981,131.187,PASS,PASS
TT,1.80,27,0,I0,1.80047,-2.51421e-07,-0.000473,-2.51421e-07,100.026278,100.000014,74.8472,218.447,148.29,PASS,PASS
TT,1.80,27,1,I1,1.80012,-3.59062e-05,-0.000125,-3.59062e-05,100.006944,100.001995,77.2811,220.446,146.221,PASS,PASS
TT,1.80,125,0,I0,1.80037,-1.28394e-06,-0.000373,-1.28394e-06,100.020722,100.000071,73.6148,208.24,169.163,PASS,PASS
TT,1.80,125,1,I1,1.80003,-5.76995e-05,-2.9e-05,-5.76995e-05,100.001611,100.003206,74.502,210.324,166.888,PASS,PASS
TT,1.98,-40,0,I0,1.98049,8.19277e-09,-0.00049,8.19277e-09,100.024747,100.000000,63.9843,196.128,118.552,PASS,PASS
TT,1.98,-40,1,I1,1.98011,-1.2526e-05,-0.000112,-1.2526e-05,100.005657,100.000633,66.0414,197.774,116.843,PASS,PASS
TT,1.98,27,0,I0,1.98049,1.0664e-08,-0.000493,1.0664e-08,100.024899,99.999999,63.8122,192.076,132.825,PASS,PASS
TT,1.98,27,1,I1,1.98011,-2.78308e-05,-0.000109,-2.78308e-05,100.005505,100.001406,65.8824,193.761,131.01,PASS,PASS
TT,1.98,125,0,I0,1.98038,6.6928e-08,-0.000378,6.6928e-08,100.019091,99.999997,65.7249,186.834,153.376,PASS,PASS
TT,1.98,125,1,I1,1.98,-5.88872e-05,2e-06,-5.88872e-05,99.999899,100.002974,65.4401,188.697,151.348,PASS,PASS
SS,1.62,-40,0,I0,1.62079,-1.69188e-05,-0.000792,-1.69188e-05,100.048889,100.001044,165.495,435.675,224.451,PASS,PASS
SS,1.62,-40,1,I1,1.62023,-6.53813e-05,-0.000229,-6.53813e-05,100.014136,100.004036,170.7,439.538,220.286,PASS,PASS
SS,1.62,27,0,I0,1.62081,-3.47115e-05,-0.000811,-3.47115e-05,100.050062,100.002143,147.935,387.058,258.471,PASS,PASS
SS,1.62,27,1,I1,1.62023,-8.24802e-05,-0.000228,-8.24802e-05,100.014074,100.005091,152.927,390.686,254.416,PASS,PASS
SS,1.62,125,0,I0,1.62081,-4.52194e-05,-0.000807,-4.52194e-05,100.049815,100.002791,129.843,343.045,298.93,PASS,PASS
SS,1.62,125,1,I1,1.62022,-0.000132738,-0.000219,-0.000132738,100.013519,100.008194,135.004,346.843,294.694,PASS,PASS
SS,1.80,-40,0,I0,1.80075,-5.43139e-06,-0.000751,-5.43139e-06,100.041722,100.000302,120.614,331.756,181.892,PASS,PASS
SS,1.80,-40,1,I1,1.80022,-5.95403e-05,-0.000225,-5.95403e-05,100.012500,100.003308,124.603,334.873,178.775,PASS,PASS
SS,1.80,27,0,I0,1.80078,-2.93607e-05,-0.000779,-2.93607e-05,100.043278,100.001631,114.294,311.419,213.024,PASS,PASS
SS,1.80,27,1,I1,1.80022,-8.30158e-05,-0.000225,-8.30158e-05,100.012500,100.004612,118.281,314.466,209.827,PASS,PASS
SS,1.80,125,0,I0,1.80078,-4.59098e-05,-0.000781,-4.59098e-05,100.043389,100.002551,106.533,289.7,253.105,PASS,PASS
SS,1.80,125,1,I1,1.80022,-0.000118112,-0.000216,-0.000118112,100.012000,100.006562,110.592,292.958,249.605,PASS,PASS
SS,1.98,-40,0,I0,1.98071,-3.59388e-06,-0.000709,-3.59388e-06,100.035808,100.000182,95.3988,274.564,155.833,PASS,PASS
SS,1.98,-40,1,I1,1.98022,-5.32249e-05,-0.000222,-5.32249e-05,100.011212,100.002688,98.7082,277.262,153.277,PASS,PASS
SS,1.98,27,0,I0,1.98075,-2.3767e-05,-0.000748,-2.3767e-05,100.037778,100.001200,93.94,266.249,184.493,PASS,PASS
SS,1.98,27,1,I1,1.98022,-8.32713e-05,-0.000223,-8.32713e-05,100.011263,100.004206,97.3026,268.921,181.796,PASS,PASS
SS,1.98,125,0,I0,1.98076,-4.64374e-05,-0.000755,-4.64374e-05,100.038131,100.002345,91.9366,255.269,223.338,PASS,PASS
SS,1.98,125,1,I1,1.98021,-0.000104486,-0.000213,-0.000104486,100.010758,100.005277,94.6711,258.133,220.303,PASS,PASS
FF,1.62,-40,0,I0,1.62029,3.28711e-09,-0.000293,3.28711e-09,100.018086,100.000000,64.002,197.453,117.11,PASS,PASS
FF,1.62,-40,1,I1,1.62005,-4.83608e-06,-5.3e-05,-4.83608e-06,100.003272,100.000299,65.9817,198.997,115.401,PASS,PASS
FF,1.62,27,0,I0,1.62028,4.2089e-09,-0.000283,4.2089e-09,100.017469,100.000000,62.6002,190.285,127.428,PASS,PASS
FF,1.62,27,1,I1,1.62004,-1.19486e-05,-3.7e-05,-1.19486e-05,100.002284,100.000738,64.5446,191.838,125.64,PASS,PASS
FF,1.62,125,0,I0,1.61987,4.75871e-08,0.000132,4.75871e-08,99.991852,99.999997,63.6135,186.87,142.547,PASS,PASS
FF,1.62,125,1,I1,1.61962,-2.94982e-06,0.00038,-2.94982e-06,99.976543,100.000182,64.1706,188.574,140.562,PASS,PASS
FF,1.80,-40,0,I0,1.8003,4.27927e-09,-0.000302,4.27927e-09,100.016778,100.000000,52.9581,170.063,103.83,PASS,PASS
FF,1.80,-40,1,I1,1.80005,-4.07064e-07,-5.5e-05,-4.07064e-07,100.003056,100.000023,54.5964,171.373,102.371,PASS,PASS
FF,1.80,27,0,I0,1.80029,5.52167e-09,-0.000286,5.52167e-09,100.015889,100.000000,53.7274,167.334,113.572,PASS,PASS
FF,1.80,27,1,I1,1.80003,-1.01096e-05,-3.4e-05,-1.01096e-05,100.001889,100.000562,54.8901,168.649,112.034,PASS,PASS
FF,1.80,125,0,I0,1.79978,4.56045e-08,0.00022,4.56045e-08,99.987778,99.999997,56.6199,165.994,128.471,PASS,PASS
FF,1.80,125,1,I1,1.79953,-2.98827e-06,0.000471,-2.98827e-06,99.973833,100.000166,55.9005,167.433,126.754,PASS,PASS
FF,1.98,-40,0,I0,1.98033,6.79339e-09,-0.000327,6.79339e-09,100.016515,100.000000,46.5157,156.227,94.6751,PASS,PASS
FF,1.98,-40,1,I1,1.98006,6.79339e-09,-6e-05,6.79339e-09,100.003030,100.000000,47.9143,157.445,93.3386,PASS,PASS
FF,1.98,27,0,I0,1.9803,8.81716e-09,-0.000299,8.81716e-09,100.015101,100.000000,48.5339,154.668,103.93,PASS,PASS
FF,1.98,27,1,I1,1.98003,-8.26828e-06,-3.2e-05,-8.26828e-06,100.001616,100.000418,48.9296,155.865,102.528,PASS,PASS
FF,1.98,125,0,I0,1.97965,4.75513e-08,0.000347,4.75513e-08,99.982475,99.999998,51.6809,153.7,118.539,PASS,PASS
FF,1.98,125,1,I1,1.97939,-4.26931e-06,0.000609,-4.26931e-06,99.969242,100.000216,50.5649,154.97,116.977,PASS,PASS
